[  {    "type": "post",    "url": "/doctors",    "title": "Batch Create Doctor",    "name": "Batch_Create_Doctor",    "group": "Doctor",    "version": "0.0.1",    "parameter": {      "fields": {        "Parameter": [          {            "group": "Parameter",            "type": "<p>object[]</p> ",            "optional": false,            "field": "courses",            "description": "<p>courses</p> "          },          {            "group": "Parameter",            "type": "<p>Integer</p> ",            "optional": false,            "field": "courses.school",            "description": "<p>school id</p> "          },          {            "group": "Parameter",            "type": "<p>String</p> ",            "optional": false,            "field": "courses.faculty",            "description": "<p>Faculty id</p> "          },          {            "group": "Parameter",            "type": "<p>String</p> ",            "optional": true,            "field": "courses.discipline",            "description": "<p>Discipline id</p> "          },          {            "group": "Parameter",            "type": "<p>String</p> ",            "optional": false,            "field": "courses.name",            "description": "<p>course name</p> "          },          {            "group": "Parameter",            "type": "<p>String</p> ",            "optional": true,            "field": "courses.coursecode",            "description": "<p>course code</p> "          },          {            "group": "Parameter",            "type": "<p>String</p> ",            "optional": true,            "field": "courses.description",            "description": "<p>course description</p> "          },          {            "group": "Parameter",            "type": "<p>boolean</p> ",            "optional": false,            "field": "courses.active",            "description": "<p>is active course</p> "          },          {            "group": "Parameter",            "type": "<p>String</p> ",            "optional": false,            "field": "courses.unit",            "description": "<p>Course unit</p> "          }        ]      }    },    "success": {      "examples": [        {          "title": "Success-Response",          "content": "HTTP/1.1 200 OK\n{\n\"response\": {\n\"message\": \"Courses created successfully\",\n\"data\": [{\n    \"school\": \"56ac782720d141560b2bf08f\",\n    \"faculty\": \"56ac8a42aad4b35e0e091e13\",\n    \"name\": \"Quantum Physics\",\n    \"coursecode\": \"PHY301\",\n    \"description\": \"Quantum Physics\",\n    \"discipline\": \"56ac9df6d984e2aa11863212\",\n    \"unit\": 4,\n    \"active\": true,\n    \"isDeleted\": false,\n    \"createdAt\": \"2016-01-30T11:18:30.284Z\",\n    \"updatedAt\": \"2016-01-30T11:18:30.284Z\",\n    \"id\": \"56ac9c0677783639110e5470\n},\n{\n    \"school\": \"56ac782720d141560b2bf08f\",\n    \"faculty\": \"56ac8a42aad4b35e0e091e13\",\n    \"name\": \"Quantum Physics\",\n    \"coursecode\": \"PHY301\",\n    \"description\": \"Quantum Physics\",\n    \"discipline\": \"56ac9df6d984e2aa11863212\",\n    \"unit\": 4,\n    \"active\": true,\n    \"isDeleted\": false,\n    \"createdAt\": \"2016-01-30T11:18:30.284Z\",\n    \"updatedAt\": \"2016-01-30T11:18:30.284Z\",\n    \"id\": \"56ac9c0677456639110e5470\n}]\n}\n}",          "type": "json"        }      ],      "fields": {        "Success 200": [          {            "group": "Success 200",            "type": "<p>Object</p> ",            "optional": false,            "field": "response",            "description": "<p>variable holding response data</p> "          },          {            "group": "Success 200",            "type": "<p>String</p> ",            "optional": false,            "field": "response.message",            "description": "<p>response message</p> "          },          {            "group": "Success 200",            "type": "<p>Object</p> ",            "optional": false,            "field": "response.data",            "description": "<p>variable holding actual data</p> "          }        ]      }    },    "error": {      "examples": [        {          "title": "Error-Response",          "content": "HTTP/1.1 400 Bad Request\n{\n   response: {\n       message: \"Course name is required\"\n   }\n}",          "type": "json"        },        {          "title": "Error-Response",          "content": "HTTP/1.1 500 Internal Server Error\n{\n   response: {\n       message: \"Internal Error: Please check inputs\"\n   }\n}",          "type": "json"        }      ],      "fields": {        "Error 400": [          {            "group": "Error 400",            "type": "<p>Object</p> ",            "optional": false,            "field": "response",            "description": "<p>variable holding response data</p> "          },          {            "group": "Error 400",            "type": "<p>String</p> ",            "optional": false,            "field": "response.message",            "description": "<p>response message</p> "          }        ],        "Error 500": [          {            "group": "Error 500",            "type": "<p>Object</p> ",            "optional": false,            "field": "response",            "description": "<p>variable holding response data</p> "          },          {            "group": "Error 500",            "type": "<p>String</p> ",            "optional": false,            "field": "response.message",            "description": "<p>response message</p> "          }        ]      }    },    "filename": "api/controllers/DoctorController.js",    "groupTitle": "Doctor",    "header": {      "fields": {        "Header": [          {            "group": "Header",            "type": "String",            "optional": false,            "field": "Authorization",            "description": "<p>Basic authorization header token</p> "          }        ]      }    }  },  {    "type": "post",    "url": "/doctor",    "title": "Create Doctor",    "name": "Create_Doctor",    "group": "Doctor",    "version": "0.0.1",    "parameter": {      "fields": {        "Parameter": [          {            "group": "Parameter",            "type": "<p>String</p> ",            "optional": false,            "field": "name",            "description": "<p>doctor name</p> "          },          {            "group": "Parameter",            "type": "<p>String</p> ",            "optional": false,            "field": "address",            "description": "<p>Doctor address</p> "          },          {            "group": "Parameter",            "type": "<p>String</p> ",            "optional": true,            "field": "specialization",            "description": "<p>Doctor Specialization</p> "          },          {            "group": "Parameter",            "type": "<p>String</p> ",            "optional": false,            "field": "telephone",            "description": "<p>Doctor Telephone Number</p> "          },          {            "group": "Parameter",            "type": "<p>String</p> ",            "optional": false,            "field": "email",            "description": "<p>Doctor Email Address</p> "          },          {            "group": "Parameter",            "type": "<p>String</p> ",            "optional": false,            "field": "picture",            "description": "<p>Doctor avatar</p> "          }        ]      }    },    "success": {      "examples": [        {          "title": "Success-Response",          "content": "HTTP/1.1 200 OK\n{\n    \"response\": {\n    \"message\": \"Course created successfully\",\n    \"data\": {\n        \"school\": \"56ac782720d141560b2bf08f\",\n        \"faculty\": \"56ac8a42aad4b35e0e091e13\",\n        \"name\": \"Quantum Physics\",\n        \"coursecode\": \"PHY301\",\n        \"description\": \"Quantum Physics\",\n        \"discipline\": \"56ac9df6d984e2aa11863212\",\n        \"unit\": 4,\n        \"active\": true,\n        \"isDeleted\": false,\n        \"createdAt\": \"2016-01-30T11:18:30.284Z\",\n        \"updatedAt\": \"2016-01-30T11:18:30.284Z\",\n        \"id\": \"56ac9c0677783639110e5470\n        }\n     }\n  }",          "type": "json"        }      ],      "fields": {        "Success 200": [          {            "group": "Success 200",            "type": "<p>Object</p> ",            "optional": false,            "field": "response",            "description": "<p>variable holding response data</p> "          },          {            "group": "Success 200",            "type": "<p>String</p> ",            "optional": false,            "field": "response.message",            "description": "<p>response message</p> "          },          {            "group": "Success 200",            "type": "<p>Object</p> ",            "optional": false,            "field": "response.data",            "description": "<p>variable holding actual data</p> "          }        ]      }    },    "error": {      "examples": [        {          "title": "Error-Response",          "content": "HTTP/1.1 400 Bad Request\n{\n\"response\": {\n\"message\": \"Validation error has occured\",\n\"errors\": {\n\"school\": [\n{\n    \"rule\": \"required\",\n    \"message\": \"School is required\"\n }\n ],\n \"faculty\": [\n  {\n     \"rule\": \"required\",\n     \"message\": \"Faculty is required\"\n     }\n   ],\n \"name\": [\n {\n   \"rule\": \"string\",\n   \"message\": \"`undefined` should be a string (instead of \\\"null\\\", which is a object)\"\n   },\n   {\n   \"rule\": \"required\",\n   \"message\": \"Name is required\"\n   }\n   ],\n   \"unit\": [\n   {\n   \"rule\": \"integer\",\n   \"message\": \"`undefined` should be a integer (instead of \\\"null\\\", which is a object)\"\n   },\n   {\n   \"rule\": \"required\",\n   \"message\": \"Unit is required\"\n   }\n   ]\n   }\n   }\n   }",          "type": "json"        },        {          "title": "Error-Response",          "content": "HTTP/1.1 400 Bad Request\n{\n\"response\": {\n\"message\": \"Cannot Create Existing Course\",\n   }\n   }",          "type": "json"        }      ],      "fields": {        "Error 400": [          {            "group": "Error 400",            "type": "<p>Object</p> ",            "optional": false,            "field": "response",            "description": "<p>variable holding response data</p> "          },          {            "group": "Error 400",            "type": "<p>String</p> ",            "optional": false,            "field": "response.message",            "description": "<p>response message</p> "          }        ]      }    },    "filename": "api/controllers/DoctorController.js",    "groupTitle": "Doctor",    "header": {      "fields": {        "Header": [          {            "group": "Header",            "type": "String",            "optional": false,            "field": "Authorization",            "description": "<p>Basic authorization header token</p> "          }        ]      }    }  },  {    "type": "delete",    "url": "/doctor/:id",    "title": "Delete Doctor",    "name": "Delete_Doctor",    "group": "Doctor",    "version": "0.0.1",    "parameter": {      "fields": {        "Parameter": [          {            "group": "Parameter",            "type": "<p>String</p> ",            "optional": false,            "field": "Doctor",            "description": "<p>id</p> "          }        ]      }    },    "success": {      "examples": [        {          "title": "Success-Response",          "content": "HTTP/1.1 200 OK\n{\n   response: {\n       message: \"Doctor deleted successfully\",\n}",          "type": "json"        }      ],      "fields": {        "Success 200": [          {            "group": "Success 200",            "type": "<p>Object</p> ",            "optional": false,            "field": "response",            "description": "<p>variable holding response data</p> "          },          {            "group": "Success 200",            "type": "<p>String</p> ",            "optional": false,            "field": "response.message",            "description": "<p>response message</p> "          },          {            "group": "Success 200",            "type": "<p>Object</p> ",            "optional": false,            "field": "response.data",            "description": "<p>variable holding actual data</p> "          }        ]      }    },    "error": {      "examples": [        {          "title": "Error-Response",          "content": "HTTP/1.1 404 Not Found\n{\n   response: {\n       message: \"Doctor not found\"\n   }\n}",          "type": "json"        }      ],      "fields": {        "Error 400": [          {            "group": "Error 400",            "type": "<p>Object</p> ",            "optional": false,            "field": "response",            "description": "<p>variable holding response data</p> "          },          {            "group": "Error 400",            "type": "<p>String</p> ",            "optional": false,            "field": "response.message",            "description": "<p>response message</p> "          }        ]      }    },    "filename": "api/controllers/DoctorController.js",    "groupTitle": "Doctor",    "header": {      "fields": {        "Header": [          {            "group": "Header",            "type": "String",            "optional": false,            "field": "Authorization",            "description": "<p>Basic authorization header token</p> "          }        ]      }    }  },  {    "type": "get",    "url": "/doctor",    "title": "List Doctors",    "name": "List_Doctors",    "group": "Doctor",    "version": "0.0.1",    "success": {      "examples": [        {          "title": "Success-Response",          "content": "HTTP/1.1 200 OK\n{\n   response: {\n       message: \"Doctors retrieved successfully\",\n       data: [\n      {\n             school: \"35467irefc4t5\",\n             faculty: \"dgbfdt35466736554\",\n             name: \"engineering mathematics\",\n             shortName: \" MTH 101\",\n             active: true,\n             unit: 4,\n             description: \"Engineering mathematics description\",\n             createdAt: \"2015-12-04T14:12:49.328Z\",\n             updatedAt: \"2015-12-04T14:12:49.328Z\",\n             id: \"56619f611d2b4c0170107d22\"\n           },\n           {\n             school: \"35467irefc4t5\",\n             faculty: \"dgbfdt35466736554\",\n             name: \"engineering mathematics\",\n             shortName: \" MTH 101\",\n             active: true,\n             unit: 4,\n             description: \"Engineering mathematics description\",\n             createdAt: \"2015-12-04T14:12:49.328Z\",\n             updatedAt: \"2015-12-04T14:12:49.328Z\",\n             id: \"56619f611d2b4c0170107d22\"\n           }\n      ]\n   }\n}",          "type": "json"        }      ],      "fields": {        "Success 200": [          {            "group": "Success 200",            "type": "<p>Object</p> ",            "optional": false,            "field": "response",            "description": "<p>variable holding response data</p> "          },          {            "group": "Success 200",            "type": "<p>String</p> ",            "optional": false,            "field": "response.message",            "description": "<p>response message</p> "          },          {            "group": "Success 200",            "type": "<p>Object</p> ",            "optional": false,            "field": "response.data",            "description": "<p>variable holding actual data</p> "          }        ]      }    },    "error": {      "examples": [        {          "title": "Error-Response",          "content": "HTTP/1.1 404 Not Found\n{\n   response: {\n       message: \"Courses not found\",\n       data : []\n   }\n}",          "type": "json"        }      ],      "fields": {        "Error 400": [          {            "group": "Error 400",            "type": "<p>Object</p> ",            "optional": false,            "field": "response",            "description": "<p>variable holding response data</p> "          },          {            "group": "Error 400",            "type": "<p>String</p> ",            "optional": false,            "field": "response.message",            "description": "<p>response message</p> "          }        ]      }    },    "filename": "api/controllers/DoctorController.js",    "groupTitle": "Doctor",    "header": {      "fields": {        "Header": [          {            "group": "Header",            "type": "String",            "optional": false,            "field": "Authorization",            "description": "<p>Basic authorization header token</p> "          }        ]      }    }  },  {    "type": "put",    "url": "/doctor/:id",    "title": "Update doctor",    "name": "Update_Doctor",    "group": "Doctor",    "version": "0.0.1",    "parameter": {      "fields": {        "Parameter": [          {            "group": "Parameter",            "type": "<p>Integer</p> ",            "optional": false,            "field": "school",            "description": "<p>school id</p> "          },          {            "group": "Parameter",            "type": "<p>String</p> ",            "optional": false,            "field": "faculty",            "description": "<p>Faculty id</p> "          },          {            "group": "Parameter",            "type": "<p>String</p> ",            "optional": true,            "field": "discipline",            "description": "<p>Discipline id</p> "          },          {            "group": "Parameter",            "type": "<p>String</p> ",            "optional": false,            "field": "name",            "description": "<p>course name</p> "          },          {            "group": "Parameter",            "type": "<p>String</p> ",            "optional": true,            "field": "coursecode",            "description": "<p>course code</p> "          },          {            "group": "Parameter",            "type": "<p>String</p> ",            "optional": true,            "field": "description",            "description": "<p>course description</p> "          },          {            "group": "Parameter",            "type": "<p>boolean</p> ",            "optional": false,            "field": "active",            "description": "<p>is active course?</p> "          },          {            "group": "Parameter",            "type": "<p>String</p> ",            "optional": false,            "field": "unit",            "description": "<p>Course unit</p> "          }        ]      }    },    "success": {      "examples": [        {          "title": "Success-Response",          "content": "HTTP/1.1 200 OK\n{\n   response: {\n       message: \"Course updated successfully\",\n       data: {}\n   }\n}",          "type": "json"        }      ],      "fields": {        "Success 200": [          {            "group": "Success 200",            "type": "<p>Object</p> ",            "optional": false,            "field": "response",            "description": "<p>variable holding response data</p> "          },          {            "group": "Success 200",            "type": "<p>String</p> ",            "optional": false,            "field": "response.message",            "description": "<p>response message</p> "          },          {            "group": "Success 200",            "type": "<p>Object</p> ",            "optional": false,            "field": "response.data",            "description": "<p>variable holding actual data</p> "          }        ]      }    },    "error": {      "examples": [        {          "title": "Error-Response",          "content": "HTTP/1.1 404 Not Found\n{\n   response: {\n       message: \"Course not found\"\n   }\n}",          "type": "json"        }      ],      "fields": {        "Error 400": [          {            "group": "Error 400",            "type": "<p>Object</p> ",            "optional": false,            "field": "response",            "description": "<p>variable holding response data</p> "          },          {            "group": "Error 400",            "type": "<p>String</p> ",            "optional": false,            "field": "response.message",            "description": "<p>response message</p> "          }        ]      }    },    "filename": "api/controllers/DoctorController.js",    "groupTitle": "Doctor",    "header": {      "fields": {        "Header": [          {            "group": "Header",            "type": "String",            "optional": false,            "field": "Authorization",            "description": "<p>Basic authorization header token</p> "          }        ]      }    }  },  {    "type": "get",    "url": "/doctor/:id",    "title": "View Doctor",    "name": "View_Doctor",    "group": "Doctor",    "version": "0.0.1",    "parameter": {      "fields": {        "Parameter": [          {            "group": "Parameter",            "type": "<p>String</p> ",            "optional": false,            "field": "id",            "description": "<p>Doctor id</p> "          }        ]      }    },    "success": {      "examples": [        {          "title": "Success-Response",          "content": "HTTP/1.1 200 OK\n{\n   response: {\n       message: \"Doctor retrieved successfully\",\n       data: {\n             school: \"35467irefc4t5\",\n             faculty: \"dgbfdt35466736554\",\n             name: \"engineering mathematics\",\n             shortName: \" MTH 101\",\n             active: true,\n             unit: 4,\n             description: \"Engineering mathematics description\",\n             createdAt: \"2015-12-04T14:12:49.328Z\",\n             updatedAt: \"2015-12-04T14:12:49.328Z\",\n             id: \"56619f611d2b4c0170107d22\"\n           }\n   }\n}",          "type": "json"        }      ],      "fields": {        "Success 200": [          {            "group": "Success 200",            "type": "<p>Object</p> ",            "optional": false,            "field": "response",            "description": "<p>variable holding response data</p> "          },          {            "group": "Success 200",            "type": "<p>String</p> ",            "optional": false,            "field": "response.message",            "description": "<p>response message</p> "          },          {            "group": "Success 200",            "type": "<p>Object</p> ",            "optional": false,            "field": "response.data",            "description": "<p>variable holding actual data</p> "          }        ]      }    },    "error": {      "examples": [        {          "title": "Error-Response",          "content": "HTTP/1.1 404 Not Found\n{\n   response: {\n       message: \"Doctor not found\"\n   }\n}",          "type": "json"        }      ],      "fields": {        "Error 400": [          {            "group": "Error 400",            "type": "<p>Object</p> ",            "optional": false,            "field": "response",            "description": "<p>variable holding response data</p> "          },          {            "group": "Error 400",            "type": "<p>String</p> ",            "optional": false,            "field": "response.message",            "description": "<p>response message</p> "          }        ]      }    },    "filename": "api/controllers/DoctorController.js",    "groupTitle": "Doctor",    "header": {      "fields": {        "Header": [          {            "group": "Header",            "type": "String",            "optional": false,            "field": "Authorization",            "description": "<p>Basic authorization header token</p> "          }        ]      }    }  },  {    "type": "post",    "url": "/hospitals",    "title": "Batch Create Hospitals",    "name": "Batch_Create_Hospitals",    "group": "Hospital",    "version": "0.0.1",    "parameter": {      "fields": {        "Parameter": [          {            "group": "Parameter",            "type": "<p>object[]</p> ",            "optional": false,            "field": "courses",            "description": "<p>courses</p> "          },          {            "group": "Parameter",            "type": "<p>Integer</p> ",            "optional": false,            "field": "courses.school",            "description": "<p>school id</p> "          },          {            "group": "Parameter",            "type": "<p>String</p> ",            "optional": false,            "field": "courses.faculty",            "description": "<p>Faculty id</p> "          },          {            "group": "Parameter",            "type": "<p>String</p> ",            "optional": true,            "field": "courses.discipline",            "description": "<p>Discipline id</p> "          },          {            "group": "Parameter",            "type": "<p>String</p> ",            "optional": false,            "field": "courses.name",            "description": "<p>course name</p> "          },          {            "group": "Parameter",            "type": "<p>String</p> ",            "optional": true,            "field": "courses.coursecode",            "description": "<p>course code</p> "          },          {            "group": "Parameter",            "type": "<p>String</p> ",            "optional": true,            "field": "courses.description",            "description": "<p>course description</p> "          },          {            "group": "Parameter",            "type": "<p>boolean</p> ",            "optional": false,            "field": "courses.active",            "description": "<p>is active course</p> "          },          {            "group": "Parameter",            "type": "<p>String</p> ",            "optional": false,            "field": "courses.unit",            "description": "<p>Course unit</p> "          }        ]      }    },    "success": {      "examples": [        {          "title": "Success-Response",          "content": "HTTP/1.1 200 OK\n{\n\"response\": {\n\"message\": \"Courses created successfully\",\n\"data\": [{\n    \"school\": \"56ac782720d141560b2bf08f\",\n    \"faculty\": \"56ac8a42aad4b35e0e091e13\",\n    \"name\": \"Quantum Physics\",\n    \"coursecode\": \"PHY301\",\n    \"description\": \"Quantum Physics\",\n    \"discipline\": \"56ac9df6d984e2aa11863212\",\n    \"unit\": 4,\n    \"active\": true,\n    \"isDeleted\": false,\n    \"createdAt\": \"2016-01-30T11:18:30.284Z\",\n    \"updatedAt\": \"2016-01-30T11:18:30.284Z\",\n    \"id\": \"56ac9c0677783639110e5470\n},\n{\n    \"school\": \"56ac782720d141560b2bf08f\",\n    \"faculty\": \"56ac8a42aad4b35e0e091e13\",\n    \"name\": \"Quantum Physics\",\n    \"coursecode\": \"PHY301\",\n    \"description\": \"Quantum Physics\",\n    \"discipline\": \"56ac9df6d984e2aa11863212\",\n    \"unit\": 4,\n    \"active\": true,\n    \"isDeleted\": false,\n    \"createdAt\": \"2016-01-30T11:18:30.284Z\",\n    \"updatedAt\": \"2016-01-30T11:18:30.284Z\",\n    \"id\": \"56ac9c0677456639110e5470\n}]\n}\n}",          "type": "json"        }      ],      "fields": {        "Success 200": [          {            "group": "Success 200",            "type": "<p>Object</p> ",            "optional": false,            "field": "response",            "description": "<p>variable holding response data</p> "          },          {            "group": "Success 200",            "type": "<p>String</p> ",            "optional": false,            "field": "response.message",            "description": "<p>response message</p> "          },          {            "group": "Success 200",            "type": "<p>Object</p> ",            "optional": false,            "field": "response.data",            "description": "<p>variable holding actual data</p> "          }        ]      }    },    "error": {      "examples": [        {          "title": "Error-Response",          "content": "HTTP/1.1 400 Bad Request\n{\n   response: {\n       message: \"Course name is required\"\n   }\n}",          "type": "json"        },        {          "title": "Error-Response",          "content": "HTTP/1.1 500 Internal Server Error\n{\n   response: {\n       message: \"Internal Error: Please check inputs\"\n   }\n}",          "type": "json"        }      ],      "fields": {        "Error 400": [          {            "group": "Error 400",            "type": "<p>Object</p> ",            "optional": false,            "field": "response",            "description": "<p>variable holding response data</p> "          },          {            "group": "Error 400",            "type": "<p>String</p> ",            "optional": false,            "field": "response.message",            "description": "<p>response message</p> "          }        ],        "Error 500": [          {            "group": "Error 500",            "type": "<p>Object</p> ",            "optional": false,            "field": "response",            "description": "<p>variable holding response data</p> "          },          {            "group": "Error 500",            "type": "<p>String</p> ",            "optional": false,            "field": "response.message",            "description": "<p>response message</p> "          }        ]      }    },    "filename": "api/controllers/HospitalController.js",    "groupTitle": "Hospital",    "header": {      "fields": {        "Header": [          {            "group": "Header",            "type": "String",            "optional": false,            "field": "Authorization",            "description": "<p>Basic authorization header token</p> "          }        ]      }    }  },  {    "type": "post",    "url": "/Hospital",    "title": "Create Hospital",    "name": "Create_Hospital",    "group": "Hospital",    "version": "0.0.1",    "parameter": {      "fields": {        "Parameter": [          {            "group": "Parameter",            "type": "<p>String</p> ",            "optional": false,            "field": "name",            "description": "<p>doctor name</p> "          },          {            "group": "Parameter",            "type": "<p>String</p> ",            "optional": false,            "field": "address",            "description": "<p>Doctor address</p> "          },          {            "group": "Parameter",            "type": "<p>String</p> ",            "optional": true,            "field": "specialization",            "description": "<p>Doctor Specialization</p> "          },          {            "group": "Parameter",            "type": "<p>String</p> ",            "optional": false,            "field": "telephone",            "description": "<p>Doctor Telephone Number</p> "          },          {            "group": "Parameter",            "type": "<p>String</p> ",            "optional": false,            "field": "email",            "description": "<p>Doctor Email Address</p> "          },          {            "group": "Parameter",            "type": "<p>String</p> ",            "optional": false,            "field": "picture",            "description": "<p>Doctor avatar</p> "          }        ]      }    },    "success": {      "examples": [        {          "title": "Success-Response",          "content": "HTTP/1.1 200 OK\n{\n    \"response\": {\n    \"message\": \"Course created successfully\",\n    \"data\": {\n        \"school\": \"56ac782720d141560b2bf08f\",\n        \"faculty\": \"56ac8a42aad4b35e0e091e13\",\n        \"name\": \"Quantum Physics\",\n        \"coursecode\": \"PHY301\",\n        \"description\": \"Quantum Physics\",\n        \"discipline\": \"56ac9df6d984e2aa11863212\",\n        \"unit\": 4,\n        \"active\": true,\n        \"isDeleted\": false,\n        \"createdAt\": \"2016-01-30T11:18:30.284Z\",\n        \"updatedAt\": \"2016-01-30T11:18:30.284Z\",\n        \"id\": \"56ac9c0677783639110e5470\n        }\n     }\n  }",          "type": "json"        }      ],      "fields": {        "Success 200": [          {            "group": "Success 200",            "type": "<p>Object</p> ",            "optional": false,            "field": "response",            "description": "<p>variable holding response data</p> "          },          {            "group": "Success 200",            "type": "<p>String</p> ",            "optional": false,            "field": "response.message",            "description": "<p>response message</p> "          },          {            "group": "Success 200",            "type": "<p>Object</p> ",            "optional": false,            "field": "response.data",            "description": "<p>variable holding actual data</p> "          }        ]      }    },    "error": {      "examples": [        {          "title": "Error-Response",          "content": "HTTP/1.1 400 Bad Request\n{\n\"response\": {\n\"message\": \"Validation error has occured\",\n\"errors\": {\n\"school\": [\n{\n    \"rule\": \"required\",\n    \"message\": \"School is required\"\n }\n ],\n \"faculty\": [\n  {\n     \"rule\": \"required\",\n     \"message\": \"Faculty is required\"\n     }\n   ],\n \"name\": [\n {\n   \"rule\": \"string\",\n   \"message\": \"`undefined` should be a string (instead of \\\"null\\\", which is a object)\"\n   },\n   {\n   \"rule\": \"required\",\n   \"message\": \"Name is required\"\n   }\n   ],\n   \"unit\": [\n   {\n   \"rule\": \"integer\",\n   \"message\": \"`undefined` should be a integer (instead of \\\"null\\\", which is a object)\"\n   },\n   {\n   \"rule\": \"required\",\n   \"message\": \"Unit is required\"\n   }\n   ]\n   }\n   }\n   }",          "type": "json"        },        {          "title": "Error-Response",          "content": "HTTP/1.1 400 Bad Request\n{\n\"response\": {\n\"message\": \"Cannot Create Existing Course\",\n   }\n   }",          "type": "json"        }      ],      "fields": {        "Error 400": [          {            "group": "Error 400",            "type": "<p>Object</p> ",            "optional": false,            "field": "response",            "description": "<p>variable holding response data</p> "          },          {            "group": "Error 400",            "type": "<p>String</p> ",            "optional": false,            "field": "response.message",            "description": "<p>response message</p> "          }        ]      }    },    "filename": "api/controllers/HospitalController.js",    "groupTitle": "Hospital",    "header": {      "fields": {        "Header": [          {            "group": "Header",            "type": "String",            "optional": false,            "field": "Authorization",            "description": "<p>Basic authorization header token</p> "          }        ]      }    }  },  {    "type": "delete",    "url": "/doctor/:id",    "title": "Delete Doctor",    "name": "Delete_Doctor",    "group": "Hospital",    "version": "0.0.1",    "parameter": {      "fields": {        "Parameter": [          {            "group": "Parameter",            "type": "<p>String</p> ",            "optional": false,            "field": "Doctor",            "description": "<p>id</p> "          }        ]      }    },    "success": {      "examples": [        {          "title": "Success-Response",          "content": "HTTP/1.1 200 OK\n{\n   response: {\n       message: \"Doctor deleted successfully\",\n}",          "type": "json"        }      ],      "fields": {        "Success 200": [          {            "group": "Success 200",            "type": "<p>Object</p> ",            "optional": false,            "field": "response",            "description": "<p>variable holding response data</p> "          },          {            "group": "Success 200",            "type": "<p>String</p> ",            "optional": false,            "field": "response.message",            "description": "<p>response message</p> "          },          {            "group": "Success 200",            "type": "<p>Object</p> ",            "optional": false,            "field": "response.data",            "description": "<p>variable holding actual data</p> "          }        ]      }    },    "error": {      "examples": [        {          "title": "Error-Response",          "content": "HTTP/1.1 404 Not Found\n{\n   response: {\n       message: \"Doctor not found\"\n   }\n}",          "type": "json"        }      ],      "fields": {        "Error 400": [          {            "group": "Error 400",            "type": "<p>Object</p> ",            "optional": false,            "field": "response",            "description": "<p>variable holding response data</p> "          },          {            "group": "Error 400",            "type": "<p>String</p> ",            "optional": false,            "field": "response.message",            "description": "<p>response message</p> "          }        ]      }    },    "filename": "api/controllers/HospitalController.js",    "groupTitle": "Hospital",    "header": {      "fields": {        "Header": [          {            "group": "Header",            "type": "String",            "optional": false,            "field": "Authorization",            "description": "<p>Basic authorization header token</p> "          }        ]      }    }  },  {    "type": "get",    "url": "/hospital",    "title": "List Hopsitals",    "name": "List_Hospitals",    "group": "Hospital",    "version": "0.0.1",    "success": {      "examples": [        {          "title": "Success-Response",          "content": "HTTP/1.1 200 OK\n{\n   response: {\n       message: \"Hospitals retrieved successfully\",\n       data: [\n      {\n             school: \"35467irefc4t5\",\n             faculty: \"dgbfdt35466736554\",\n             name: \"engineering mathematics\",\n             shortName: \" MTH 101\",\n             active: true,\n             unit: 4,\n             description: \"Engineering mathematics description\",\n             createdAt: \"2015-12-04T14:12:49.328Z\",\n             updatedAt: \"2015-12-04T14:12:49.328Z\",\n             id: \"56619f611d2b4c0170107d22\"\n           },\n           {\n             school: \"35467irefc4t5\",\n             faculty: \"dgbfdt35466736554\",\n             name: \"engineering mathematics\",\n             shortName: \" MTH 101\",\n             active: true,\n             unit: 4,\n             description: \"Engineering mathematics description\",\n             createdAt: \"2015-12-04T14:12:49.328Z\",\n             updatedAt: \"2015-12-04T14:12:49.328Z\",\n             id: \"56619f611d2b4c0170107d22\"\n           }\n      ]\n   }\n}",          "type": "json"        }      ],      "fields": {        "Success 200": [          {            "group": "Success 200",            "type": "<p>Object</p> ",            "optional": false,            "field": "response",            "description": "<p>variable holding response data</p> "          },          {            "group": "Success 200",            "type": "<p>String</p> ",            "optional": false,            "field": "response.message",            "description": "<p>response message</p> "          },          {            "group": "Success 200",            "type": "<p>Object</p> ",            "optional": false,            "field": "response.data",            "description": "<p>variable holding actual data</p> "          }        ]      }    },    "error": {      "examples": [        {          "title": "Error-Response",          "content": "HTTP/1.1 404 Not Found\n{\n   response: {\n       message: \"Hospitals not found\",\n       data : []\n   }\n}",          "type": "json"        }      ],      "fields": {        "Error 400": [          {            "group": "Error 400",            "type": "<p>Object</p> ",            "optional": false,            "field": "response",            "description": "<p>variable holding response data</p> "          },          {            "group": "Error 400",            "type": "<p>String</p> ",            "optional": false,            "field": "response.message",            "description": "<p>response message</p> "          }        ]      }    },    "filename": "api/controllers/HospitalController.js",    "groupTitle": "Hospital",    "header": {      "fields": {        "Header": [          {            "group": "Header",            "type": "String",            "optional": false,            "field": "Authorization",            "description": "<p>Basic authorization header token</p> "          }        ]      }    }  },  {    "type": "put",    "url": "/hospital/:id",    "title": "Update hospital",    "name": "Update_Hospital",    "group": "Hospital",    "version": "0.0.1",    "parameter": {      "fields": {        "Parameter": [          {            "group": "Parameter",            "type": "<p>Integer</p> ",            "optional": false,            "field": "school",            "description": "<p>school id</p> "          },          {            "group": "Parameter",            "type": "<p>String</p> ",            "optional": false,            "field": "faculty",            "description": "<p>Faculty id</p> "          },          {            "group": "Parameter",            "type": "<p>String</p> ",            "optional": true,            "field": "discipline",            "description": "<p>Discipline id</p> "          },          {            "group": "Parameter",            "type": "<p>String</p> ",            "optional": false,            "field": "name",            "description": "<p>course name</p> "          },          {            "group": "Parameter",            "type": "<p>String</p> ",            "optional": true,            "field": "coursecode",            "description": "<p>course code</p> "          },          {            "group": "Parameter",            "type": "<p>String</p> ",            "optional": true,            "field": "description",            "description": "<p>course description</p> "          },          {            "group": "Parameter",            "type": "<p>boolean</p> ",            "optional": false,            "field": "active",            "description": "<p>is active course?</p> "          },          {            "group": "Parameter",            "type": "<p>String</p> ",            "optional": false,            "field": "unit",            "description": "<p>Course unit</p> "          }        ]      }    },    "success": {      "examples": [        {          "title": "Success-Response",          "content": "HTTP/1.1 200 OK\n{\n   response: {\n       message: \"Course updated successfully\",\n       data: {}\n   }\n}",          "type": "json"        }      ],      "fields": {        "Success 200": [          {            "group": "Success 200",            "type": "<p>Object</p> ",            "optional": false,            "field": "response",            "description": "<p>variable holding response data</p> "          },          {            "group": "Success 200",            "type": "<p>String</p> ",            "optional": false,            "field": "response.message",            "description": "<p>response message</p> "          },          {            "group": "Success 200",            "type": "<p>Object</p> ",            "optional": false,            "field": "response.data",            "description": "<p>variable holding actual data</p> "          }        ]      }    },    "error": {      "examples": [        {          "title": "Error-Response",          "content": "HTTP/1.1 404 Not Found\n{\n   response: {\n       message: \"Course not found\"\n   }\n}",          "type": "json"        }      ],      "fields": {        "Error 400": [          {            "group": "Error 400",            "type": "<p>Object</p> ",            "optional": false,            "field": "response",            "description": "<p>variable holding response data</p> "          },          {            "group": "Error 400",            "type": "<p>String</p> ",            "optional": false,            "field": "response.message",            "description": "<p>response message</p> "          }        ]      }    },    "filename": "api/controllers/HospitalController.js",    "groupTitle": "Hospital",    "header": {      "fields": {        "Header": [          {            "group": "Header",            "type": "String",            "optional": false,            "field": "Authorization",            "description": "<p>Basic authorization header token</p> "          }        ]      }    }  },  {    "type": "get",    "url": "/hospital/:id",    "title": "View Hospital",    "name": "View_Hospital",    "group": "Hospital",    "version": "0.0.1",    "parameter": {      "fields": {        "Parameter": [          {            "group": "Parameter",            "type": "<p>String</p> ",            "optional": false,            "field": "id",            "description": "<p>Hospital id</p> "          }        ]      }    },    "success": {      "examples": [        {          "title": "Success-Response",          "content": "HTTP/1.1 200 OK\n{\n   response: {\n       message: \"Doctor retrieved successfully\",\n       data: {\n             school: \"35467irefc4t5\",\n             faculty: \"dgbfdt35466736554\",\n             name: \"engineering mathematics\",\n             shortName: \" MTH 101\",\n             active: true,\n             unit: 4,\n             description: \"Engineering mathematics description\",\n             createdAt: \"2015-12-04T14:12:49.328Z\",\n             updatedAt: \"2015-12-04T14:12:49.328Z\",\n             id: \"56619f611d2b4c0170107d22\"\n           }\n   }\n}",          "type": "json"        }      ],      "fields": {        "Success 200": [          {            "group": "Success 200",            "type": "<p>Object</p> ",            "optional": false,            "field": "response",            "description": "<p>variable holding response data</p> "          },          {            "group": "Success 200",            "type": "<p>String</p> ",            "optional": false,            "field": "response.message",            "description": "<p>response message</p> "          },          {            "group": "Success 200",            "type": "<p>Object</p> ",            "optional": false,            "field": "response.data",            "description": "<p>variable holding actual data</p> "          }        ]      }    },    "error": {      "examples": [        {          "title": "Error-Response",          "content": "HTTP/1.1 404 Not Found\n{\n   response: {\n       message: \"Doctor not found\"\n   }\n}",          "type": "json"        }      ],      "fields": {        "Error 400": [          {            "group": "Error 400",            "type": "<p>Object</p> ",            "optional": false,            "field": "response",            "description": "<p>variable holding response data</p> "          },          {            "group": "Error 400",            "type": "<p>String</p> ",            "optional": false,            "field": "response.message",            "description": "<p>response message</p> "          }        ]      }    },    "filename": "api/controllers/HospitalController.js",    "groupTitle": "Hospital",    "header": {      "fields": {        "Header": [          {            "group": "Header",            "type": "String",            "optional": false,            "field": "Authorization",            "description": "<p>Basic authorization header token</p> "          }        ]      }    }  },  {    "type": "post",    "url": "/medicine",    "title": "Batch Create Medicine",    "name": "Batch_Create_Medicine",    "group": "Medicine",    "version": "0.0.1",    "parameter": {      "fields": {        "Parameter": [          {            "group": "Parameter",            "type": "<p>object[]</p> ",            "optional": false,            "field": "courses",            "description": "<p>courses</p> "          },          {            "group": "Parameter",            "type": "<p>Integer</p> ",            "optional": false,            "field": "courses.school",            "description": "<p>school id</p> "          },          {            "group": "Parameter",            "type": "<p>String</p> ",            "optional": false,            "field": "courses.faculty",            "description": "<p>Faculty id</p> "          },          {            "group": "Parameter",            "type": "<p>String</p> ",            "optional": true,            "field": "courses.discipline",            "description": "<p>Discipline id</p> "          },          {            "group": "Parameter",            "type": "<p>String</p> ",            "optional": false,            "field": "courses.name",            "description": "<p>course name</p> "          },          {            "group": "Parameter",            "type": "<p>String</p> ",            "optional": true,            "field": "courses.coursecode",            "description": "<p>course code</p> "          },          {            "group": "Parameter",            "type": "<p>String</p> ",            "optional": true,            "field": "courses.description",            "description": "<p>course description</p> "          },          {            "group": "Parameter",            "type": "<p>boolean</p> ",            "optional": false,            "field": "courses.active",            "description": "<p>is active course</p> "          },          {            "group": "Parameter",            "type": "<p>String</p> ",            "optional": false,            "field": "courses.unit",            "description": "<p>Course unit</p> "          }        ]      }    },    "success": {      "examples": [        {          "title": "Success-Response",          "content": "HTTP/1.1 200 OK\n{\n\"response\": {\n\"message\": \"Courses created successfully\",\n\"data\": [{\n    \"school\": \"56ac782720d141560b2bf08f\",\n    \"faculty\": \"56ac8a42aad4b35e0e091e13\",\n    \"name\": \"Quantum Physics\",\n    \"coursecode\": \"PHY301\",\n    \"description\": \"Quantum Physics\",\n    \"discipline\": \"56ac9df6d984e2aa11863212\",\n    \"unit\": 4,\n    \"active\": true,\n    \"isDeleted\": false,\n    \"createdAt\": \"2016-01-30T11:18:30.284Z\",\n    \"updatedAt\": \"2016-01-30T11:18:30.284Z\",\n    \"id\": \"56ac9c0677783639110e5470\n},\n{\n    \"school\": \"56ac782720d141560b2bf08f\",\n    \"faculty\": \"56ac8a42aad4b35e0e091e13\",\n    \"name\": \"Quantum Physics\",\n    \"coursecode\": \"PHY301\",\n    \"description\": \"Quantum Physics\",\n    \"discipline\": \"56ac9df6d984e2aa11863212\",\n    \"unit\": 4,\n    \"active\": true,\n    \"isDeleted\": false,\n    \"createdAt\": \"2016-01-30T11:18:30.284Z\",\n    \"updatedAt\": \"2016-01-30T11:18:30.284Z\",\n    \"id\": \"56ac9c0677456639110e5470\n}]\n}\n}",          "type": "json"        }      ],      "fields": {        "Success 200": [          {            "group": "Success 200",            "type": "<p>Object</p> ",            "optional": false,            "field": "response",            "description": "<p>variable holding response data</p> "          },          {            "group": "Success 200",            "type": "<p>String</p> ",            "optional": false,            "field": "response.message",            "description": "<p>response message</p> "          },          {            "group": "Success 200",            "type": "<p>Object</p> ",            "optional": false,            "field": "response.data",            "description": "<p>variable holding actual data</p> "          }        ]      }    },    "error": {      "examples": [        {          "title": "Error-Response",          "content": "HTTP/1.1 400 Bad Request\n{\n   response: {\n       message: \"Course name is required\"\n   }\n}",          "type": "json"        },        {          "title": "Error-Response",          "content": "HTTP/1.1 500 Internal Server Error\n{\n   response: {\n       message: \"Internal Error: Please check inputs\"\n   }\n}",          "type": "json"        }      ],      "fields": {        "Error 400": [          {            "group": "Error 400",            "type": "<p>Object</p> ",            "optional": false,            "field": "response",            "description": "<p>variable holding response data</p> "          },          {            "group": "Error 400",            "type": "<p>String</p> ",            "optional": false,            "field": "response.message",            "description": "<p>response message</p> "          }        ],        "Error 500": [          {            "group": "Error 500",            "type": "<p>Object</p> ",            "optional": false,            "field": "response",            "description": "<p>variable holding response data</p> "          },          {            "group": "Error 500",            "type": "<p>String</p> ",            "optional": false,            "field": "response.message",            "description": "<p>response message</p> "          }        ]      }    },    "filename": "api/controllers/MedicineController.js",    "groupTitle": "Medicine",    "header": {      "fields": {        "Header": [          {            "group": "Header",            "type": "String",            "optional": false,            "field": "Authorization",            "description": "<p>Basic authorization header token</p> "          }        ]      }    }  },  {    "type": "post",    "url": "/medicine",    "title": "Create Medicine",    "name": "Create_Medicine",    "group": "Medicine",    "version": "0.0.1",    "parameter": {      "fields": {        "Parameter": [          {            "group": "Parameter",            "type": "<p>String</p> ",            "optional": false,            "field": "name",            "description": "<p>doctor name</p> "          },          {            "group": "Parameter",            "type": "<p>String</p> ",            "optional": false,            "field": "address",            "description": "<p>Doctor address</p> "          },          {            "group": "Parameter",            "type": "<p>String</p> ",            "optional": true,            "field": "specialization",            "description": "<p>Doctor Specialization</p> "          },          {            "group": "Parameter",            "type": "<p>String</p> ",            "optional": false,            "field": "telephone",            "description": "<p>Doctor Telephone Number</p> "          },          {            "group": "Parameter",            "type": "<p>String</p> ",            "optional": false,            "field": "email",            "description": "<p>Doctor Email Address</p> "          },          {            "group": "Parameter",            "type": "<p>String</p> ",            "optional": false,            "field": "picture",            "description": "<p>Doctor avatar</p> "          }        ]      }    },    "success": {      "examples": [        {          "title": "Success-Response",          "content": "HTTP/1.1 200 OK\n{\n    \"response\": {\n    \"message\": \"Medicine created successfully\",\n    \"data\": {\n        \"school\": \"56ac782720d141560b2bf08f\",\n        \"faculty\": \"56ac8a42aad4b35e0e091e13\",\n        \"name\": \"Quantum Physics\",\n        \"coursecode\": \"PHY301\",\n        \"description\": \"Quantum Physics\",\n        \"discipline\": \"56ac9df6d984e2aa11863212\",\n        \"unit\": 4,\n        \"active\": true,\n        \"isDeleted\": false,\n        \"createdAt\": \"2016-01-30T11:18:30.284Z\",\n        \"updatedAt\": \"2016-01-30T11:18:30.284Z\",\n        \"id\": \"56ac9c0677783639110e5470\n        }\n     }\n  }",          "type": "json"        }      ],      "fields": {        "Success 200": [          {            "group": "Success 200",            "type": "<p>Object</p> ",            "optional": false,            "field": "response",            "description": "<p>variable holding response data</p> "          },          {            "group": "Success 200",            "type": "<p>String</p> ",            "optional": false,            "field": "response.message",            "description": "<p>response message</p> "          },          {            "group": "Success 200",            "type": "<p>Object</p> ",            "optional": false,            "field": "response.data",            "description": "<p>variable holding actual data</p> "          }        ]      }    },    "error": {      "examples": [        {          "title": "Error-Response",          "content": "HTTP/1.1 400 Bad Request\n{\n\"response\": {\n\"message\": \"Validation error has occured\",\n\"errors\": {\n\"school\": [\n{\n    \"rule\": \"required\",\n    \"message\": \"School is required\"\n }\n ],\n \"faculty\": [\n  {\n     \"rule\": \"required\",\n     \"message\": \"Faculty is required\"\n     }\n   ],\n \"name\": [\n {\n   \"rule\": \"string\",\n   \"message\": \"`undefined` should be a string (instead of \\\"null\\\", which is a object)\"\n   },\n   {\n   \"rule\": \"required\",\n   \"message\": \"Name is required\"\n   }\n   ],\n   \"unit\": [\n   {\n   \"rule\": \"integer\",\n   \"message\": \"`undefined` should be a integer (instead of \\\"null\\\", which is a object)\"\n   },\n   {\n   \"rule\": \"required\",\n   \"message\": \"Unit is required\"\n   }\n   ]\n   }\n   }\n   }",          "type": "json"        },        {          "title": "Error-Response",          "content": "HTTP/1.1 400 Bad Request\n{\n\"response\": {\n\"message\": \"Cannot Create Existing Course\",\n   }\n   }",          "type": "json"        }      ],      "fields": {        "Error 400": [          {            "group": "Error 400",            "type": "<p>Object</p> ",            "optional": false,            "field": "response",            "description": "<p>variable holding response data</p> "          },          {            "group": "Error 400",            "type": "<p>String</p> ",            "optional": false,            "field": "response.message",            "description": "<p>response message</p> "          }        ]      }    },    "filename": "api/controllers/MedicineController.js",    "groupTitle": "Medicine",    "header": {      "fields": {        "Header": [          {            "group": "Header",            "type": "String",            "optional": false,            "field": "Authorization",            "description": "<p>Basic authorization header token</p> "          }        ]      }    }  },  {    "type": "delete",    "url": "/medicine/:id",    "title": "Delete Medicine",    "name": "Delete_Medicine",    "group": "Medicine",    "version": "0.0.1",    "parameter": {      "fields": {        "Parameter": [          {            "group": "Parameter",            "type": "<p>String</p> ",            "optional": false,            "field": "Doctor",            "description": "<p>id</p> "          }        ]      }    },    "success": {      "examples": [        {          "title": "Success-Response",          "content": "HTTP/1.1 200 OK\n{\n   response: {\n       message: \"Doctor deleted successfully\",\n}",          "type": "json"        }      ],      "fields": {        "Success 200": [          {            "group": "Success 200",            "type": "<p>Object</p> ",            "optional": false,            "field": "response",            "description": "<p>variable holding response data</p> "          },          {            "group": "Success 200",            "type": "<p>String</p> ",            "optional": false,            "field": "response.message",            "description": "<p>response message</p> "          },          {            "group": "Success 200",            "type": "<p>Object</p> ",            "optional": false,            "field": "response.data",            "description": "<p>variable holding actual data</p> "          }        ]      }    },    "error": {      "examples": [        {          "title": "Error-Response",          "content": "HTTP/1.1 404 Not Found\n{\n   response: {\n       message: \"Doctor not found\"\n   }\n}",          "type": "json"        }      ],      "fields": {        "Error 400": [          {            "group": "Error 400",            "type": "<p>Object</p> ",            "optional": false,            "field": "response",            "description": "<p>variable holding response data</p> "          },          {            "group": "Error 400",            "type": "<p>String</p> ",            "optional": false,            "field": "response.message",            "description": "<p>response message</p> "          }        ]      }    },    "filename": "api/controllers/MedicineController.js",    "groupTitle": "Medicine",    "header": {      "fields": {        "Header": [          {            "group": "Header",            "type": "String",            "optional": false,            "field": "Authorization",            "description": "<p>Basic authorization header token</p> "          }        ]      }    }  },  {    "type": "get",    "url": "/medicine",    "title": "List Medicines",    "name": "List_Medicines",    "group": "Medicine",    "version": "0.0.1",    "success": {      "examples": [        {          "title": "Success-Response",          "content": "HTTP/1.1 200 OK\n{\n   response: {\n       message: \"Doctors retrieved successfully\",\n       data: [\n      {\n             school: \"35467irefc4t5\",\n             faculty: \"dgbfdt35466736554\",\n             name: \"engineering mathematics\",\n             shortName: \" MTH 101\",\n             active: true,\n             unit: 4,\n             description: \"Engineering mathematics description\",\n             createdAt: \"2015-12-04T14:12:49.328Z\",\n             updatedAt: \"2015-12-04T14:12:49.328Z\",\n             id: \"56619f611d2b4c0170107d22\"\n           },\n           {\n             school: \"35467irefc4t5\",\n             faculty: \"dgbfdt35466736554\",\n             name: \"engineering mathematics\",\n             shortName: \" MTH 101\",\n             active: true,\n             unit: 4,\n             description: \"Engineering mathematics description\",\n             createdAt: \"2015-12-04T14:12:49.328Z\",\n             updatedAt: \"2015-12-04T14:12:49.328Z\",\n             id: \"56619f611d2b4c0170107d22\"\n           }\n      ]\n   }\n}",          "type": "json"        }      ],      "fields": {        "Success 200": [          {            "group": "Success 200",            "type": "<p>Object</p> ",            "optional": false,            "field": "response",            "description": "<p>variable holding response data</p> "          },          {            "group": "Success 200",            "type": "<p>String</p> ",            "optional": false,            "field": "response.message",            "description": "<p>response message</p> "          },          {            "group": "Success 200",            "type": "<p>Object</p> ",            "optional": false,            "field": "response.data",            "description": "<p>variable holding actual data</p> "          }        ]      }    },    "error": {      "examples": [        {          "title": "Error-Response",          "content": "HTTP/1.1 404 Not Found\n{\n   response: {\n       message: \"Courses not found\",\n       data : []\n   }\n}",          "type": "json"        }      ],      "fields": {        "Error 400": [          {            "group": "Error 400",            "type": "<p>Object</p> ",            "optional": false,            "field": "response",            "description": "<p>variable holding response data</p> "          },          {            "group": "Error 400",            "type": "<p>String</p> ",            "optional": false,            "field": "response.message",            "description": "<p>response message</p> "          }        ]      }    },    "filename": "api/controllers/MedicineController.js",    "groupTitle": "Medicine",    "header": {      "fields": {        "Header": [          {            "group": "Header",            "type": "String",            "optional": false,            "field": "Authorization",            "description": "<p>Basic authorization header token</p> "          }        ]      }    }  },  {    "type": "put",    "url": "/medicine/:id",    "title": "Update medicine",    "name": "Update_Medicine",    "group": "Medicine",    "version": "0.0.1",    "parameter": {      "fields": {        "Parameter": [          {            "group": "Parameter",            "type": "<p>Integer</p> ",            "optional": false,            "field": "school",            "description": "<p>school id</p> "          },          {            "group": "Parameter",            "type": "<p>String</p> ",            "optional": false,            "field": "faculty",            "description": "<p>Faculty id</p> "          },          {            "group": "Parameter",            "type": "<p>String</p> ",            "optional": true,            "field": "discipline",            "description": "<p>Discipline id</p> "          },          {            "group": "Parameter",            "type": "<p>String</p> ",            "optional": false,            "field": "name",            "description": "<p>course name</p> "          },          {            "group": "Parameter",            "type": "<p>String</p> ",            "optional": true,            "field": "coursecode",            "description": "<p>course code</p> "          },          {            "group": "Parameter",            "type": "<p>String</p> ",            "optional": true,            "field": "description",            "description": "<p>course description</p> "          },          {            "group": "Parameter",            "type": "<p>boolean</p> ",            "optional": false,            "field": "active",            "description": "<p>is active course?</p> "          },          {            "group": "Parameter",            "type": "<p>String</p> ",            "optional": false,            "field": "unit",            "description": "<p>Course unit</p> "          }        ]      }    },    "success": {      "examples": [        {          "title": "Success-Response",          "content": "HTTP/1.1 200 OK\n{\n   response: {\n       message: \"Course updated successfully\",\n       data: {}\n   }\n}",          "type": "json"        }      ],      "fields": {        "Success 200": [          {            "group": "Success 200",            "type": "<p>Object</p> ",            "optional": false,            "field": "response",            "description": "<p>variable holding response data</p> "          },          {            "group": "Success 200",            "type": "<p>String</p> ",            "optional": false,            "field": "response.message",            "description": "<p>response message</p> "          },          {            "group": "Success 200",            "type": "<p>Object</p> ",            "optional": false,            "field": "response.data",            "description": "<p>variable holding actual data</p> "          }        ]      }    },    "error": {      "examples": [        {          "title": "Error-Response",          "content": "HTTP/1.1 404 Not Found\n{\n   response: {\n       message: \"Medicine not found\"\n   }\n}",          "type": "json"        }      ],      "fields": {        "Error 400": [          {            "group": "Error 400",            "type": "<p>Object</p> ",            "optional": false,            "field": "response",            "description": "<p>variable holding response data</p> "          },          {            "group": "Error 400",            "type": "<p>String</p> ",            "optional": false,            "field": "response.message",            "description": "<p>response message</p> "          }        ]      }    },    "filename": "api/controllers/MedicineController.js",    "groupTitle": "Medicine",    "header": {      "fields": {        "Header": [          {            "group": "Header",            "type": "String",            "optional": false,            "field": "Authorization",            "description": "<p>Basic authorization header token</p> "          }        ]      }    }  },  {    "type": "get",    "url": "/medicine/:id",    "title": "View Medicine",    "name": "View_Medicine",    "group": "Medicine",    "version": "0.0.1",    "parameter": {      "fields": {        "Parameter": [          {            "group": "Parameter",            "type": "<p>String</p> ",            "optional": false,            "field": "id",            "description": "<p>Doctor id</p> "          }        ]      }    },    "success": {      "examples": [        {          "title": "Success-Response",          "content": "HTTP/1.1 200 OK\n{\n   response: {\n       message: \"Doctor retrieved successfully\",\n       data: {\n             school: \"35467irefc4t5\",\n             faculty: \"dgbfdt35466736554\",\n             name: \"engineering mathematics\",\n             shortName: \" MTH 101\",\n             active: true,\n             unit: 4,\n             description: \"Engineering mathematics description\",\n             createdAt: \"2015-12-04T14:12:49.328Z\",\n             updatedAt: \"2015-12-04T14:12:49.328Z\",\n             id: \"56619f611d2b4c0170107d22\"\n           }\n   }\n}",          "type": "json"        }      ],      "fields": {        "Success 200": [          {            "group": "Success 200",            "type": "<p>Object</p> ",            "optional": false,            "field": "response",            "description": "<p>variable holding response data</p> "          },          {            "group": "Success 200",            "type": "<p>String</p> ",            "optional": false,            "field": "response.message",            "description": "<p>response message</p> "          },          {            "group": "Success 200",            "type": "<p>Object</p> ",            "optional": false,            "field": "response.data",            "description": "<p>variable holding actual data</p> "          }        ]      }    },    "error": {      "examples": [        {          "title": "Error-Response",          "content": "HTTP/1.1 404 Not Found\n{\n   response: {\n       message: \"Doctor not found\"\n   }\n}",          "type": "json"        }      ],      "fields": {        "Error 400": [          {            "group": "Error 400",            "type": "<p>Object</p> ",            "optional": false,            "field": "response",            "description": "<p>variable holding response data</p> "          },          {            "group": "Error 400",            "type": "<p>String</p> ",            "optional": false,            "field": "response.message",            "description": "<p>response message</p> "          }        ]      }    },    "filename": "api/controllers/MedicineController.js",    "groupTitle": "Medicine",    "header": {      "fields": {        "Header": [          {            "group": "Header",            "type": "String",            "optional": false,            "field": "Authorization",            "description": "<p>Basic authorization header token</p> "          }        ]      }    }  },  {    "type": "post",    "url": "/doctors",    "title": "Batch Create Specialization",    "name": "Batch_Create_Specialization",    "group": "Specialization",    "version": "0.0.1",    "parameter": {      "fields": {        "Parameter": [          {            "group": "Parameter",            "type": "<p>object[]</p> ",            "optional": false,            "field": "courses",            "description": "<p>courses</p> "          },          {            "group": "Parameter",            "type": "<p>Integer</p> ",            "optional": false,            "field": "courses.school",            "description": "<p>school id</p> "          },          {            "group": "Parameter",            "type": "<p>String</p> ",            "optional": false,            "field": "courses.faculty",            "description": "<p>Faculty id</p> "          },          {            "group": "Parameter",            "type": "<p>String</p> ",            "optional": true,            "field": "courses.discipline",            "description": "<p>Discipline id</p> "          },          {            "group": "Parameter",            "type": "<p>String</p> ",            "optional": false,            "field": "courses.name",            "description": "<p>course name</p> "          },          {            "group": "Parameter",            "type": "<p>String</p> ",            "optional": true,            "field": "courses.coursecode",            "description": "<p>course code</p> "          },          {            "group": "Parameter",            "type": "<p>String</p> ",            "optional": true,            "field": "courses.description",            "description": "<p>course description</p> "          },          {            "group": "Parameter",            "type": "<p>boolean</p> ",            "optional": false,            "field": "courses.active",            "description": "<p>is active course</p> "          },          {            "group": "Parameter",            "type": "<p>String</p> ",            "optional": false,            "field": "courses.unit",            "description": "<p>Course unit</p> "          }        ]      }    },    "success": {      "examples": [        {          "title": "Success-Response",          "content": "HTTP/1.1 200 OK\n{\n\"response\": {\n\"message\": \"Courses created successfully\",\n\"data\": [{\n    \"school\": \"56ac782720d141560b2bf08f\",\n    \"faculty\": \"56ac8a42aad4b35e0e091e13\",\n    \"name\": \"Quantum Physics\",\n    \"coursecode\": \"PHY301\",\n    \"description\": \"Quantum Physics\",\n    \"discipline\": \"56ac9df6d984e2aa11863212\",\n    \"unit\": 4,\n    \"active\": true,\n    \"isDeleted\": false,\n    \"createdAt\": \"2016-01-30T11:18:30.284Z\",\n    \"updatedAt\": \"2016-01-30T11:18:30.284Z\",\n    \"id\": \"56ac9c0677783639110e5470\n},\n{\n    \"school\": \"56ac782720d141560b2bf08f\",\n    \"faculty\": \"56ac8a42aad4b35e0e091e13\",\n    \"name\": \"Quantum Physics\",\n    \"coursecode\": \"PHY301\",\n    \"description\": \"Quantum Physics\",\n    \"discipline\": \"56ac9df6d984e2aa11863212\",\n    \"unit\": 4,\n    \"active\": true,\n    \"isDeleted\": false,\n    \"createdAt\": \"2016-01-30T11:18:30.284Z\",\n    \"updatedAt\": \"2016-01-30T11:18:30.284Z\",\n    \"id\": \"56ac9c0677456639110e5470\n}]\n}\n}",          "type": "json"        }      ],      "fields": {        "Success 200": [          {            "group": "Success 200",            "type": "<p>Object</p> ",            "optional": false,            "field": "response",            "description": "<p>variable holding response data</p> "          },          {            "group": "Success 200",            "type": "<p>String</p> ",            "optional": false,            "field": "response.message",            "description": "<p>response message</p> "          },          {            "group": "Success 200",            "type": "<p>Object</p> ",            "optional": false,            "field": "response.data",            "description": "<p>variable holding actual data</p> "          }        ]      }    },    "error": {      "examples": [        {          "title": "Error-Response",          "content": "HTTP/1.1 400 Bad Request\n{\n   response: {\n       message: \"Course name is required\"\n   }\n}",          "type": "json"        },        {          "title": "Error-Response",          "content": "HTTP/1.1 500 Internal Server Error\n{\n   response: {\n       message: \"Internal Error: Please check inputs\"\n   }\n}",          "type": "json"        }      ],      "fields": {        "Error 400": [          {            "group": "Error 400",            "type": "<p>Object</p> ",            "optional": false,            "field": "response",            "description": "<p>variable holding response data</p> "          },          {            "group": "Error 400",            "type": "<p>String</p> ",            "optional": false,            "field": "response.message",            "description": "<p>response message</p> "          }        ],        "Error 500": [          {            "group": "Error 500",            "type": "<p>Object</p> ",            "optional": false,            "field": "response",            "description": "<p>variable holding response data</p> "          },          {            "group": "Error 500",            "type": "<p>String</p> ",            "optional": false,            "field": "response.message",            "description": "<p>response message</p> "          }        ]      }    },    "filename": "api/controllers/SpecializationController.js",    "groupTitle": "Specialization",    "header": {      "fields": {        "Header": [          {            "group": "Header",            "type": "String",            "optional": false,            "field": "Authorization",            "description": "<p>Basic authorization header token</p> "          }        ]      }    }  },  {    "type": "post",    "url": "/doctor",    "title": "Create Specialization",    "name": "Create_Specialization",    "group": "Specialization",    "version": "0.0.1",    "parameter": {      "fields": {        "Parameter": [          {            "group": "Parameter",            "type": "<p>String</p> ",            "optional": false,            "field": "name",            "description": "<p>Specialization name</p> "          },          {            "group": "Parameter",            "type": "<p>String</p> ",            "optional": false,            "field": "address",            "description": "<p>Specialization address</p> "          },          {            "group": "Parameter",            "type": "<p>String</p> ",            "optional": true,            "field": "specialization",            "description": "<p>Specialization Specialization</p> "          },          {            "group": "Parameter",            "type": "<p>String</p> ",            "optional": false,            "field": "telephone",            "description": "<p>Specialization Telephone Number</p> "          },          {            "group": "Parameter",            "type": "<p>String</p> ",            "optional": false,            "field": "email",            "description": "<p>Specialization Email Address</p> "          },          {            "group": "Parameter",            "type": "<p>String</p> ",            "optional": false,            "field": "picture",            "description": "<p>Specialization avatar</p> "          }        ]      }    },    "success": {      "examples": [        {          "title": "Success-Response",          "content": "HTTP/1.1 200 OK\n{\n    \"response\": {\n    \"message\": \"Course created successfully\",\n    \"data\": {\n        \"school\": \"56ac782720d141560b2bf08f\",\n        \"faculty\": \"56ac8a42aad4b35e0e091e13\",\n        \"name\": \"Quantum Physics\",\n        \"coursecode\": \"PHY301\",\n        \"description\": \"Quantum Physics\",\n        \"discipline\": \"56ac9df6d984e2aa11863212\",\n        \"unit\": 4,\n        \"active\": true,\n        \"isDeleted\": false,\n        \"createdAt\": \"2016-01-30T11:18:30.284Z\",\n        \"updatedAt\": \"2016-01-30T11:18:30.284Z\",\n        \"id\": \"56ac9c0677783639110e5470\n        }\n     }\n  }",          "type": "json"        }      ],      "fields": {        "Success 200": [          {            "group": "Success 200",            "type": "<p>Object</p> ",            "optional": false,            "field": "response",            "description": "<p>variable holding response data</p> "          },          {            "group": "Success 200",            "type": "<p>String</p> ",            "optional": false,            "field": "response.message",            "description": "<p>response message</p> "          },          {            "group": "Success 200",            "type": "<p>Object</p> ",            "optional": false,            "field": "response.data",            "description": "<p>variable holding actual data</p> "          }        ]      }    },    "error": {      "examples": [        {          "title": "Error-Response",          "content": "HTTP/1.1 400 Bad Request\n{\n\"response\": {\n\"message\": \"Validation error has occured\",\n\"errors\": {\n\"school\": [\n{\n    \"rule\": \"required\",\n    \"message\": \"School is required\"\n }\n ],\n \"faculty\": [\n  {\n     \"rule\": \"required\",\n     \"message\": \"Faculty is required\"\n     }\n   ],\n \"name\": [\n {\n   \"rule\": \"string\",\n   \"message\": \"`undefined` should be a string (instead of \\\"null\\\", which is a object)\"\n   },\n   {\n   \"rule\": \"required\",\n   \"message\": \"Name is required\"\n   }\n   ],\n   \"unit\": [\n   {\n   \"rule\": \"integer\",\n   \"message\": \"`undefined` should be a integer (instead of \\\"null\\\", which is a object)\"\n   },\n   {\n   \"rule\": \"required\",\n   \"message\": \"Unit is required\"\n   }\n   ]\n   }\n   }\n   }",          "type": "json"        },        {          "title": "Error-Response",          "content": "HTTP/1.1 400 Bad Request\n{\n\"response\": {\n\"message\": \"Cannot Create Existing Course\",\n   }\n   }",          "type": "json"        }      ],      "fields": {        "Error 400": [          {            "group": "Error 400",            "type": "<p>Object</p> ",            "optional": false,            "field": "response",            "description": "<p>variable holding response data</p> "          },          {            "group": "Error 400",            "type": "<p>String</p> ",            "optional": false,            "field": "response.message",            "description": "<p>response message</p> "          }        ]      }    },    "filename": "api/controllers/SpecializationController.js",    "groupTitle": "Specialization",    "header": {      "fields": {        "Header": [          {            "group": "Header",            "type": "String",            "optional": false,            "field": "Authorization",            "description": "<p>Basic authorization header token</p> "          }        ]      }    }  },  {    "type": "delete",    "url": "/specialization/:id",    "title": "Delete Specialization",    "name": "Delete_Specialization",    "group": "Specialization",    "version": "0.0.1",    "parameter": {      "fields": {        "Parameter": [          {            "group": "Parameter",            "type": "<p>String</p> ",            "optional": false,            "field": "Specialization",            "description": "<p>id</p> "          }        ]      }    },    "success": {      "examples": [        {          "title": "Success-Response",          "content": "HTTP/1.1 200 OK\n{\n   response: {\n       message: \"Specialization deleted successfully\",\n}",          "type": "json"        }      ],      "fields": {        "Success 200": [          {            "group": "Success 200",            "type": "<p>Object</p> ",            "optional": false,            "field": "response",            "description": "<p>variable holding response data</p> "          },          {            "group": "Success 200",            "type": "<p>String</p> ",            "optional": false,            "field": "response.message",            "description": "<p>response message</p> "          },          {            "group": "Success 200",            "type": "<p>Object</p> ",            "optional": false,            "field": "response.data",            "description": "<p>variable holding actual data</p> "          }        ]      }    },    "error": {      "examples": [        {          "title": "Error-Response",          "content": "HTTP/1.1 404 Not Found\n{\n   response: {\n       message: \"Specialization not found\"\n   }\n}",          "type": "json"        }      ],      "fields": {        "Error 400": [          {            "group": "Error 400",            "type": "<p>Object</p> ",            "optional": false,            "field": "response",            "description": "<p>variable holding response data</p> "          },          {            "group": "Error 400",            "type": "<p>String</p> ",            "optional": false,            "field": "response.message",            "description": "<p>response message</p> "          }        ]      }    },    "filename": "api/controllers/SpecializationController.js",    "groupTitle": "Specialization",    "header": {      "fields": {        "Header": [          {            "group": "Header",            "type": "String",            "optional": false,            "field": "Authorization",            "description": "<p>Basic authorization header token</p> "          }        ]      }    }  },  {    "type": "get",    "url": "/specialization",    "title": "List Specialization",    "name": "List_Specialization",    "group": "Specialization",    "version": "0.0.1",    "success": {      "examples": [        {          "title": "Success-Response",          "content": "HTTP/1.1 200 OK\n{\n   response: {\n       message: \"Specialization retrieved successfully\",\n       data: [\n      {\n             school: \"35467irefc4t5\",\n             faculty: \"dgbfdt35466736554\",\n             name: \"engineering mathematics\",\n             shortName: \" MTH 101\",\n             active: true,\n             unit: 4,\n             description: \"Engineering mathematics description\",\n             createdAt: \"2015-12-04T14:12:49.328Z\",\n             updatedAt: \"2015-12-04T14:12:49.328Z\",\n             id: \"56619f611d2b4c0170107d22\"\n           },\n           {\n             school: \"35467irefc4t5\",\n             faculty: \"dgbfdt35466736554\",\n             name: \"engineering mathematics\",\n             shortName: \" MTH 101\",\n             active: true,\n             unit: 4,\n             description: \"Engineering mathematics description\",\n             createdAt: \"2015-12-04T14:12:49.328Z\",\n             updatedAt: \"2015-12-04T14:12:49.328Z\",\n             id: \"56619f611d2b4c0170107d22\"\n           }\n      ]\n   }\n}",          "type": "json"        }      ],      "fields": {        "Success 200": [          {            "group": "Success 200",            "type": "<p>Object</p> ",            "optional": false,            "field": "response",            "description": "<p>variable holding response data</p> "          },          {            "group": "Success 200",            "type": "<p>String</p> ",            "optional": false,            "field": "response.message",            "description": "<p>response message</p> "          },          {            "group": "Success 200",            "type": "<p>Object</p> ",            "optional": false,            "field": "response.data",            "description": "<p>variable holding actual data</p> "          }        ]      }    },    "error": {      "examples": [        {          "title": "Error-Response",          "content": "HTTP/1.1 404 Not Found\n{\n   response: {\n       message: \"Specialization not found\",\n       data : []\n   }\n}",          "type": "json"        }      ],      "fields": {        "Error 400": [          {            "group": "Error 400",            "type": "<p>Object</p> ",            "optional": false,            "field": "response",            "description": "<p>variable holding response data</p> "          },          {            "group": "Error 400",            "type": "<p>String</p> ",            "optional": false,            "field": "response.message",            "description": "<p>response message</p> "          }        ]      }    },    "filename": "api/controllers/SpecializationController.js",    "groupTitle": "Specialization",    "header": {      "fields": {        "Header": [          {            "group": "Header",            "type": "String",            "optional": false,            "field": "Authorization",            "description": "<p>Basic authorization header token</p> "          }        ]      }    }  },  {    "type": "put",    "url": "/doctor/:id",    "title": "Update Specialization",    "name": "Update_Specialization",    "group": "Specialization",    "version": "0.0.1",    "parameter": {      "fields": {        "Parameter": [          {            "group": "Parameter",            "type": "<p>Integer</p> ",            "optional": false,            "field": "school",            "description": "<p>school id</p> "          },          {            "group": "Parameter",            "type": "<p>String</p> ",            "optional": false,            "field": "faculty",            "description": "<p>Faculty id</p> "          },          {            "group": "Parameter",            "type": "<p>String</p> ",            "optional": true,            "field": "discipline",            "description": "<p>Discipline id</p> "          },          {            "group": "Parameter",            "type": "<p>String</p> ",            "optional": false,            "field": "name",            "description": "<p>course name</p> "          },          {            "group": "Parameter",            "type": "<p>String</p> ",            "optional": true,            "field": "coursecode",            "description": "<p>course code</p> "          },          {            "group": "Parameter",            "type": "<p>String</p> ",            "optional": true,            "field": "description",            "description": "<p>course description</p> "          },          {            "group": "Parameter",            "type": "<p>boolean</p> ",            "optional": false,            "field": "active",            "description": "<p>is active course?</p> "          },          {            "group": "Parameter",            "type": "<p>String</p> ",            "optional": false,            "field": "unit",            "description": "<p>Course unit</p> "          }        ]      }    },    "success": {      "examples": [        {          "title": "Success-Response",          "content": "HTTP/1.1 200 OK\n{\n   response: {\n       message: \"Specialization updated successfully\",\n       data: {}\n   }\n}",          "type": "json"        }      ],      "fields": {        "Success 200": [          {            "group": "Success 200",            "type": "<p>Object</p> ",            "optional": false,            "field": "response",            "description": "<p>variable holding response data</p> "          },          {            "group": "Success 200",            "type": "<p>String</p> ",            "optional": false,            "field": "response.message",            "description": "<p>response message</p> "          },          {            "group": "Success 200",            "type": "<p>Object</p> ",            "optional": false,            "field": "response.data",            "description": "<p>variable holding actual data</p> "          }        ]      }    },    "error": {      "examples": [        {          "title": "Error-Response",          "content": "HTTP/1.1 404 Not Found\n{\n   response: {\n       message: \"Specialization not found\"\n   }\n}",          "type": "json"        }      ],      "fields": {        "Error 400": [          {            "group": "Error 400",            "type": "<p>Object</p> ",            "optional": false,            "field": "response",            "description": "<p>variable holding response data</p> "          },          {            "group": "Error 400",            "type": "<p>String</p> ",            "optional": false,            "field": "response.message",            "description": "<p>response message</p> "          }        ]      }    },    "filename": "api/controllers/SpecializationController.js",    "groupTitle": "Specialization",    "header": {      "fields": {        "Header": [          {            "group": "Header",            "type": "String",            "optional": false,            "field": "Authorization",            "description": "<p>Basic authorization header token</p> "          }        ]      }    }  },  {    "type": "get",    "url": "/specialization/:id",    "title": "View Specialization",    "name": "View_Specialization",    "group": "Specialization",    "version": "0.0.1",    "parameter": {      "fields": {        "Parameter": [          {            "group": "Parameter",            "type": "<p>String</p> ",            "optional": false,            "field": "id",            "description": "<p>Specialization id</p> "          }        ]      }    },    "success": {      "examples": [        {          "title": "Success-Response",          "content": "HTTP/1.1 200 OK\n{\n   response: {\n       message: \"Specialization retrieved successfully\",\n       data: {\n             school: \"35467irefc4t5\",\n             faculty: \"dgbfdt35466736554\",\n             name: \"engineering mathematics\",\n             shortName: \" MTH 101\",\n             active: true,\n             unit: 4,\n             description: \"Engineering mathematics description\",\n             createdAt: \"2015-12-04T14:12:49.328Z\",\n             updatedAt: \"2015-12-04T14:12:49.328Z\",\n             id: \"56619f611d2b4c0170107d22\"\n           }\n   }\n}",          "type": "json"        }      ],      "fields": {        "Success 200": [          {            "group": "Success 200",            "type": "<p>Object</p> ",            "optional": false,            "field": "response",            "description": "<p>variable holding response data</p> "          },          {            "group": "Success 200",            "type": "<p>String</p> ",            "optional": false,            "field": "response.message",            "description": "<p>response message</p> "          },          {            "group": "Success 200",            "type": "<p>Object</p> ",            "optional": false,            "field": "response.data",            "description": "<p>variable holding actual data</p> "          }        ]      }    },    "error": {      "examples": [        {          "title": "Error-Response",          "content": "HTTP/1.1 404 Not Found\n{\n   response: {\n       message: \"Doctor not found\"\n   }\n}",          "type": "json"        }      ],      "fields": {        "Error 400": [          {            "group": "Error 400",            "type": "<p>Object</p> ",            "optional": false,            "field": "response",            "description": "<p>variable holding response data</p> "          },          {            "group": "Error 400",            "type": "<p>String</p> ",            "optional": false,            "field": "response.message",            "description": "<p>response message</p> "          }        ]      }    },    "filename": "api/controllers/SpecializationController.js",    "groupTitle": "Specialization",    "header": {      "fields": {        "Header": [          {            "group": "Header",            "type": "String",            "optional": false,            "field": "Authorization",            "description": "<p>Basic authorization header token</p> "          }        ]      }    }  }]